Profile Name,Source,Navigation Level,Referrer Url,Webpage Url,Click Utc Ts
Lil Jessie,iOS,browseTitles,,,2023-06-22 22:45:27
Lil Jessie,iOS,playback,,,2023-06-22 22:45:27
Lil Jessie,iOS,playback,,,2023-06-22 18:37:24
Lil Jessie,iOS,browseTitles,,,2023-06-22 18:37:24
Lil Jessie,iOS,browseTitles,,,2023-06-22 18:18:49
Lil Jessie,iOS,playback,,,2023-06-22 18:18:49
Lil Jessie,iOS,playback,,,2023-06-22 18:03:45
Lil Jessie,iOS,browseTitles,,,2023-06-22 18:03:45
Lil Jessie,iOS,browseTitles,,,2023-06-22 16:32:59
Lil Jessie,iOS,playback,,,2023-06-22 16:32:59
Lil Jessie,iOS,playback,,,2023-06-22 16:32:48
Lil Jessie,iOS,browseTitles,,,2023-06-22 16:32:48
Lil Jessie,iOS,browseTitles,,,2023-06-22 16:06:51
Lil Jessie,iOS,playback,,,2023-06-22 16:06:51
Lil Jessie,tvui,screenSaver,,,2023-06-21 07:56:19
Lil Jessie,tvui,movieDetails,,,2023-06-21 07:56:19
Lil Jessie,tvui,screenSaver,,,2023-06-21 07:51:14
Lil Jessie,tvui,movieDetails,,,2023-06-21 07:51:14
Lil Jessie,tvui,screenSaver,,,2023-06-21 07:31:20
Lil Jessie,tvui,movieDetails,,,2023-06-21 07:31:20
Lil Jessie,tvui,screenSaver,,,2023-06-21 07:31:18
Lil Jessie,tvui,postPlay,,,2023-06-21 07:31:18
Lil Jessie,tvui,screenSaver,,,2023-06-21 07:31:18
Lil Jessie,tvui,postPlay,,,2023-06-21 07:31:18
Lil Jessie,tvui,screenSaver,,,2023-06-21 07:26:17
Lil Jessie,tvui,postPlay,,,2023-06-21 07:26:17
Lil Jessie,tvui,playback,,,2023-06-21 07:16:54
Lil Jessie,tvui,postPlay,,,2023-06-21 07:16:54
Lil Jessie,tvui,playback,,,2023-06-21 05:41:51
Lil Jessie,tvui,movieDetails,,,2023-06-21 05:41:51
Lil Jessie,tvui,movieDetails,,,2023-06-21 05:41:50
Lil Jessie,tvui,browseTitles,,,2023-06-21 05:41:50
Lil Jessie,tvui,movieDetails,,,2023-06-21 05:41:30
Lil Jessie,tvui,browseTitles,,,2023-06-21 05:41:30
Lil Jessie,tvui,similarTitlesSelector,,,2023-06-21 05:41:28
Lil Jessie,tvui,movieDetails,,,2023-06-21 05:41:28
Lil Jessie,tvui,movieDetails,,,2023-06-21 05:41:18
Lil Jessie,tvui,movieDetails,,,2023-06-21 05:41:18
Lil Jessie,tvui,movieDetails,,,2023-06-21 05:41:18
Lil Jessie,tvui,similarTitlesSelector,,,2023-06-21 05:41:18
Lil Jessie,tvui,movieDetails,,,2023-06-21 05:41:16
Lil Jessie,tvui,browseTitles,,,2023-06-21 05:41:16
Lil Jessie,tvui,movieDetails,,,2023-06-21 05:41:15
Lil Jessie,tvui,browseTitles,,,2023-06-21 05:41:15
Lil Jessie,tvui,browseTitles,,,2023-06-21 05:41:11
Lil Jessie,tvui,movieDetails,,,2023-06-21 05:41:11
Lil Jessie,tvui,movieDetails,,,2023-06-21 05:39:49
Lil Jessie,tvui,browseTitles,,,2023-06-21 05:39:49
Lil Jessie,tvui,similarTitlesSelector,,,2023-06-21 05:39:43
Lil Jessie,tvui,movieDetails,,,2023-06-21 05:39:43
Lil Jessie,tvui,movieDetails,,,2023-06-21 05:39:28
Lil Jessie,tvui,movieDetails,,,2023-06-21 05:39:28
Lil Jessie,tvui,movieDetails,,,2023-06-21 05:39:28
Lil Jessie,tvui,similarTitlesSelector,,,2023-06-21 05:39:28
Lil Jessie,tvui,movieDetails,,,2023-06-21 05:39:25
Lil Jessie,tvui,browseTitles,,,2023-06-21 05:39:25
Lil Jessie,tvui,browseTitles,,,2023-06-21 05:38:00
Lil Jessie,tvui,playback,,,2023-06-20 02:46:47
Lil Jessie,tvui,movieDetails,,,2023-06-20 02:46:47
Lil Jessie,tvui,postPlay,,,2023-06-20 02:46:29
Lil Jessie,tvui,playback,,,2023-06-20 02:46:29
Lil Jessie,tvui,playback,,,2023-06-20 02:46:24
Lil Jessie,tvui,postPlay,,,2023-06-20 02:46:24
Lil Jessie,tvui,movieDetails,,,2023-06-20 02:04:11
Lil Jessie,tvui,playback,,,2023-06-20 02:04:11
Lil Jessie,tvui,browseTitles,,,2023-06-20 02:04:03
Lil Jessie,tvui,movieDetails,,,2023-06-20 02:04:03
Lil Jessie,tvui,browseTitles,,,2023-06-20 02:03:51
Lil Jessie,tvui,browseTitles,,,2023-06-19 04:51:10
Lil Jessie,tvui,search,,,2023-06-19 04:51:10
Lil Jessie,tvui,movieDetails,,,2023-06-19 04:50:15
Lil Jessie,tvui,browseTitles,,,2023-06-19 04:50:15
Lil Jessie,tvui,playback,,,2023-06-19 04:50:12
Lil Jessie,tvui,movieDetails,,,2023-06-19 04:50:12
Lil Jessie,tvui,postPlay,,,2023-06-19 04:50:11
Lil Jessie,tvui,playback,,,2023-06-19 04:50:11
Lil Jessie,tvui,playback,,,2023-06-19 04:50:06
Lil Jessie,tvui,postPlay,,,2023-06-19 04:50:06
Lil Jessie,tvui,postPlay,,,2023-06-19 03:30:56
Lil Jessie,tvui,playback,,,2023-06-19 03:30:56
Lil Jessie,tvui,playback,,,2023-06-19 03:30:50
Lil Jessie,tvui,postPlay,,,2023-06-19 03:30:50
Lil Jessie,tvui,movieDetails,,,2023-06-19 02:33:21
Lil Jessie,tvui,playback,,,2023-06-19 02:33:21
Lil Jessie,tvui,browseTitles,,,2023-06-19 02:33:15
Lil Jessie,tvui,movieDetails,,,2023-06-19 02:33:15
Lil Jessie,tvui,browseTitles,,,2023-06-19 02:33:08
Lil Jessie,iOS,playback,,,2023-06-18 21:28:35
Lil Jessie,iOS,postPlay,,,2023-06-18 21:28:35
Lil Jessie,iOS,movieDetails,,,2023-06-18 20:24:47
Lil Jessie,iOS,playback,,,2023-06-18 20:24:47
Lil Jessie,iOS,movieDetails,,,2023-06-18 20:24:37
Lil Jessie,iOS,browseTitlesGallery,,,2023-06-18 20:24:36
Lil Jessie,iOS,movieDetails,,,2023-06-18 20:24:36
Lil Jessie,iOS,browseTitlesGallery,,,2023-06-18 20:24:36
Lil Jessie,iOS,movieDetails,,,2023-06-18 20:24:31
Lil Jessie,iOS,browseTitlesGallery,,,2023-06-18 20:24:31
Lil Jessie,iOS,movieDetails,,,2023-06-18 20:23:58
Lil Jessie,iOS,browseTitlesGallery,,,2023-06-18 20:23:57
Lil Jessie,iOS,movieDetails,,,2023-06-18 20:23:57
Lil Jessie,iOS,browseTitlesGallery,,,2023-06-18 20:23:57
Lil Jessie,iOS,search,,,2023-06-18 20:23:31
Lil Jessie,iOS,browseTitlesGallery,,,2023-06-18 20:23:31
Lil Jessie,iOS,movieDetails,,,2023-06-18 20:23:29
Lil Jessie,iOS,search,,,2023-06-18 20:23:29
Lil Jessie,iOS,movieDetails,,,2023-06-18 20:23:15
Lil Jessie,iOS,search,,,2023-06-18 20:23:15
Lil Jessie,iOS,movieDetails,,,2023-06-18 20:23:15
Lil Jessie,iOS,search,,,2023-06-18 20:23:14
Lil Jessie,iOS,browseTitlesGallery,,,2023-06-18 20:23:04
Lil Jessie,iOS,search,,,2023-06-18 20:23:04
Lil Jessie,iOS,search,,,2023-06-18 20:23:00
Lil Jessie,iOS,browseTitlesGallery,,,2023-06-18 20:23:00
Lil Jessie,iOS,browseTitlesGallery,,,2023-06-18 20:22:27
Lil Jessie,iOS,search,,,2023-06-18 20:22:27
Lil Jessie,iOS,browseTitles,,,2023-06-18 20:22:09
Lil Jessie,iOS,browseTitlesGallery,,,2023-06-18 20:22:09
Lil Jessie,iOS,playback,,,2023-06-16 20:03:31
Lil Jessie,iOS,postPlay,,,2023-06-16 20:03:31
Lil Jessie,iOS,playback,,,2023-06-16 20:03:28
Lil Jessie,iOS,postPlay,,,2023-06-16 20:03:28
Lil Jessie,iOS,postPlay,,,2023-06-16 19:23:10
Lil Jessie,iOS,playback,,,2023-06-16 19:23:10
Lil Jessie,iOS,playback,,,2023-06-16 19:23:05
Lil Jessie,iOS,postPlay,,,2023-06-16 19:23:05
Lil Jessie,iOS,playback,,,2023-06-16 19:06:33
Lil Jessie,iOS,browseTitles,,,2023-06-16 19:06:32
Lil Jessie,iOS,playback,,,2023-06-15 18:32:57
Lil Jessie,iOS,playback,,,2023-06-15 18:32:57
Lil Jessie,iOS,playback,,,2023-06-15 18:32:53
Lil Jessie,iOS,playback,,,2023-06-15 18:32:53
Lil Jessie,iOS,postPlay,,,2023-06-15 18:32:06
Lil Jessie,iOS,playback,,,2023-06-15 18:32:06
Lil Jessie,iOS,playback,,,2023-06-15 18:31:41
Lil Jessie,iOS,postPlay,,,2023-06-15 18:31:41
Lil Jessie,iOS,browseTitles,,,2023-06-15 17:56:06
Lil Jessie,iOS,playback,,,2023-06-15 17:56:06
Lil Jessie,iOS,playback,,,2023-06-15 17:55:57
Lil Jessie,iOS,browseTitles,,,2023-06-15 17:55:57
Lil Jessie,iOS,browseTitles,,,2023-06-15 17:55:25
Lil Jessie,iOS,playback,,,2023-06-15 17:55:25
Lil Jessie,tvui,browseTitles,,,2023-06-15 03:33:46
Lil Jessie,tvui,movieDetails,,,2023-06-15 03:33:46
Lil Jessie,tvui,movieDetails,,,2023-06-15 03:33:35
Lil Jessie,tvui,browseTitles,,,2023-06-15 03:33:35
Lil Jessie,tvui,browseTitles,,,2023-06-15 03:32:35
Lil Jessie,tvui,browseTitles,,,2023-06-15 03:32:35
Lil Jessie,tvui,browseTitles,,,2023-06-15 03:31:20
Lil Jessie,tvui,movieDetails,,,2023-06-14 22:38:16
Lil Jessie,tvui,browseTitles,,,2023-06-14 22:38:16
Lil Jessie,tvui,movieDetails,,,2023-06-14 22:38:14
Lil Jessie,tvui,playback,,,2023-06-14 22:38:14
Lil Jessie,tvui,postPlay,,,2023-06-14 22:22:52
Lil Jessie,tvui,playback,,,2023-06-14 22:22:52
Lil Jessie,tvui,playback,,,2023-06-14 22:22:47
Lil Jessie,tvui,postPlay,,,2023-06-14 22:22:47
Lil Jessie,tvui,playback,,,2023-06-14 21:49:56
Lil Jessie,tvui,movieDetails,,,2023-06-14 21:49:56
Lil Jessie,tvui,browseTitles,,,2023-06-14 21:49:53
Lil Jessie,tvui,movieDetails,,,2023-06-14 21:49:53
Lil Jessie,tvui,browseTitles,,,2023-06-14 21:49:49
Lil Jessie,iOS,playback,,,2023-06-14 18:29:40
Lil Jessie,iOS,movieDetails,,,2023-06-14 18:29:40
Lil Jessie,iOS,movieDetails,,,2023-06-14 18:01:38
Lil Jessie,iOS,playback,,,2023-06-14 18:01:38
Lil Jessie,iOS,movieDetails,,,2023-06-14 18:00:55
Lil Jessie,iOS,browseTitles,,,2023-06-14 18:00:54
Lil Jessie,iOS,browseTitles,,,2023-06-14 18:00:54
Lil Jessie,iOS,movieDetails,,,2023-06-14 18:00:54
Lil Jessie,iOS,playback,,,2023-06-14 17:59:40
Lil Jessie,iOS,browseTitles,,,2023-06-14 17:59:40
Lil Jessie,iOS,browseTitles,,,2023-06-14 17:57:50
Lil Jessie,iOS,playback,,,2023-06-14 17:57:50
Lil Jessie,iOS,search,,,2023-06-14 17:57:43
Lil Jessie,iOS,browseTitles,,,2023-06-14 17:57:43
Lil Jessie,iOS,browseTitles,,,2023-06-14 17:57:38
Lil Jessie,iOS,search,,,2023-06-14 17:57:38
Lil Jessie,iOS,movieDetails,,,2023-06-14 17:57:31
Lil Jessie,iOS,browseTitles,,,2023-06-14 17:57:31
Lil Jessie,iOS,browseTitles,,,2023-06-14 17:57:28
Lil Jessie,iOS,browseTitles,,,2023-06-14 17:57:28
Lil Jessie,iOS,movieDetails,,,2023-06-14 17:57:28
Lil Jessie,iOS,movieDetails,,,2023-06-14 17:57:28
Lil Jessie,iOS,movieDetails,,,2023-06-14 17:57:23
Lil Jessie,iOS,browseTitles,,,2023-06-14 17:57:23
Lil Jessie,iOS,browseTitles,,,2023-06-14 17:57:15
Lil Jessie,iOS,movieDetails,,,2023-06-14 17:57:15
Lil Jessie,iOS,browseTitles,,,2023-06-14 17:57:15
Lil Jessie,iOS,movieDetails,,,2023-06-14 17:57:15
Lil Jessie,tvui,screenSaver,,,2023-06-14 15:08:32
Lil Jessie,tvui,movieDetails,,,2023-06-14 15:08:32
Lil Jessie,tvui,movieDetails,,,2023-06-14 15:03:27
Lil Jessie,tvui,screenSaver,,,2023-06-14 15:03:27
Lil Jessie,tvui,playback,,,2023-06-14 14:39:27
Lil Jessie,tvui,movieDetails,,,2023-06-14 14:39:27
Lil Jessie,tvui,episodesSelector,,,2023-06-14 14:26:11
Lil Jessie,tvui,playback,,,2023-06-14 14:26:11
Lil Jessie,tvui,movieDetails,,,2023-06-14 14:26:05
Lil Jessie,tvui,episodesSelector,,,2023-06-14 14:26:05
Lil Jessie,tvui,browseTitles,,,2023-06-14 14:26:02
Lil Jessie,tvui,movieDetails,,,2023-06-14 14:26:02
Lil Jessie,tvui,movieDetails,,,2023-06-14 14:26:00
Lil Jessie,tvui,browseTitles,,,2023-06-14 14:26:00
Lil Jessie,tvui,playback,,,2023-06-14 14:25:58
Lil Jessie,tvui,movieDetails,,,2023-06-14 14:25:58
Lil Jessie,tvui,movieDetails,,,2023-06-14 14:25:33
Lil Jessie,tvui,playback,,,2023-06-14 14:25:33
Lil Jessie,tvui,browseTitles,,,2023-06-14 14:25:31
Lil Jessie,tvui,movieDetails,,,2023-06-14 14:25:31
Lil Jessie,tvui,browseTitles,,,2023-06-14 14:25:25
Lil Jessie,iOS,movieDetails,,,2023-06-14 12:07:08
Lil Jessie,iOS,playback,,,2023-06-14 12:07:08
Lil Jessie,iOS,browseTitles,,,2023-06-14 12:06:53
Lil Jessie,iOS,movieDetails,,,2023-06-14 12:06:53
Lil Jessie,iOS,movieDetails,,,2023-06-14 12:06:53
Lil Jessie,iOS,browseTitles,,,2023-06-14 12:06:52
Lil Jessie,tvui,screenSaver,,,2023-06-14 05:24:49
Lil Jessie,tvui,movieDetails,,,2023-06-14 05:24:49
Lil Jessie,tvui,movieDetails,,,2023-06-14 05:19:44
Lil Jessie,tvui,screenSaver,,,2023-06-14 05:19:44
Lil Jessie,tvui,playback,,,2023-06-14 04:59:50
Lil Jessie,tvui,movieDetails,,,2023-06-14 04:59:50
Lil Jessie,tvui,postPlay,,,2023-06-14 04:54:42
Lil Jessie,tvui,playback,,,2023-06-14 04:54:42
Lil Jessie,tvui,playback,,,2023-06-14 04:54:36
Lil Jessie,tvui,postPlay,,,2023-06-14 04:54:36
Lil Jessie,tvui,playback,,,2023-06-14 04:21:19
Lil Jessie,tvui,postPlay,,,2023-06-14 04:21:19
Lil Jessie,tvui,playback,,,2023-06-14 04:21:14
Lil Jessie,tvui,postPlay,,,2023-06-14 04:21:14
Lil Jessie,tvui,playback,,,2023-06-14 03:47:09
Lil Jessie,tvui,postPlay,,,2023-06-14 03:47:09
Lil Jessie,tvui,playback,,,2023-06-14 03:47:03
Lil Jessie,tvui,postPlay,,,2023-06-14 03:47:03
Lil Jessie,tvui,playback,,,2023-06-14 03:12:19
Lil Jessie,tvui,postPlay,,,2023-06-14 03:12:19
Lil Jessie,tvui,playback,,,2023-06-14 03:12:15
Lil Jessie,tvui,postPlay,,,2023-06-14 03:12:15
Lil Jessie,tvui,movieDetails,,,2023-06-14 02:34:50
Lil Jessie,tvui,playback,,,2023-06-14 02:34:50
Lil Jessie,tvui,screenSaver,,,2023-06-14 02:21:00
Lil Jessie,tvui,movieDetails,,,2023-06-14 02:21:00
Lil Jessie,tvui,screenSaver,,,2023-06-14 02:15:56
Lil Jessie,tvui,movieDetails,,,2023-06-14 02:15:56
Lil Jessie,tvui,playback,,,2023-06-14 01:56:02
Lil Jessie,tvui,movieDetails,,,2023-06-14 01:56:02
Lil Jessie,tvui,playback,,,2023-06-14 01:48:11
Lil Jessie,tvui,movieDetails,,,2023-06-14 01:48:11
Lil Jessie,tvui,similarTitlesSelector,,,2023-06-14 01:48:09
Lil Jessie,tvui,movieDetails,,,2023-06-14 01:48:09
Lil Jessie,tvui,similarTitlesSelector,,,2023-06-14 01:48:06
Lil Jessie,tvui,movieDetails,,,2023-06-14 01:48:06
Lil Jessie,tvui,episodesSelector,,,2023-06-14 01:48:05
Lil Jessie,tvui,movieDetails,,,2023-06-14 01:48:05
Lil Jessie,tvui,movieDetails,,,2023-06-14 01:47:57
Lil Jessie,tvui,episodesSelector,,,2023-06-14 01:47:57
Lil Jessie,tvui,similarTitlesSelector,,,2023-06-14 01:47:53
Lil Jessie,tvui,movieDetails,,,2023-06-14 01:47:53
Lil Jessie,tvui,movieDetails,,,2023-06-14 01:47:23
Lil Jessie,tvui,movieDetails,,,2023-06-14 01:47:23
Lil Jessie,tvui,similarTitlesSelector,,,2023-06-14 01:47:23
Lil Jessie,tvui,movieDetails,,,2023-06-14 01:47:23
Lil Jessie,tvui,browseTitles,,,2023-06-14 01:47:21
Lil Jessie,tvui,movieDetails,,,2023-06-14 01:47:21
Lil Jessie,tvui,browseTitles,,,2023-06-14 01:43:46
Lil Jessie,tvui,movieDetails,,,2023-06-14 01:43:46
Lil Jessie,tvui,playback,,,2023-06-14 01:43:44
Lil Jessie,tvui,movieDetails,,,2023-06-14 01:43:44
Lil Jessie,tvui,postPlay,,,2023-06-14 01:38:09
Lil Jessie,tvui,playback,,,2023-06-14 01:38:09
Lil Jessie,tvui,playback,,,2023-06-14 01:38:04
Lil Jessie,tvui,postPlay,,,2023-06-14 01:38:04
Lil Jessie,tvui,playback,,,2023-06-14 00:57:29
Lil Jessie,tvui,postPlay,,,2023-06-14 00:57:29
Lil Jessie,tvui,playback,,,2023-06-14 00:57:24
Lil Jessie,tvui,postPlay,,,2023-06-14 00:57:24
Lil Jessie,tvui,playback,,,2023-06-14 00:51:48
Lil Jessie,tvui,movieDetails,,,2023-06-14 00:51:48
Lil Jessie,tvui,browseTitles,,,2023-06-14 00:50:57
Lil Jessie,tvui,movieDetails,,,2023-06-14 00:50:57
Lil Jessie,tvui,search,,,2023-06-14 00:41:33
Lil Jessie,tvui,browseTitles,,,2023-06-14 00:41:33
Lil Jessie,iOS,movieDetails,,,2023-06-14 00:41:26
Lil Jessie,iOS,browseTitles,,,2023-06-14 00:41:26
Lil Jessie,iOS,playback,,,2023-06-14 00:41:23
Lil Jessie,iOS,movieDetails,,,2023-06-14 00:41:23
Lil Jessie,iOS,movieDetails,,,2023-06-14 00:39:19
Lil Jessie,iOS,movieDetails,,,2023-06-14 00:39:19
Lil Jessie,iOS,playback,,,2023-06-14 00:39:19
Lil Jessie,iOS,browseTitles,,,2023-06-14 00:39:18
Lil Jessie,iOS,browseTitles,,,2023-06-14 00:39:18
Lil Jessie,iOS,movieDetails,,,2023-06-14 00:39:18
Lil Jessie,tvui,movieDetails,,,2023-06-14 00:38:58
Lil Jessie,tvui,search,,,2023-06-14 00:38:58
Lil Jessie,tvui,movieDetails,,,2023-06-14 00:38:54
Lil Jessie,tvui,search,,,2023-06-14 00:38:54
Lil Jessie,tvui,browseTitles,,,2023-06-14 00:38:41
Lil Jessie,tvui,search,,,2023-06-14 00:38:41
Lil Jessie,iOS,playback,,,2023-06-09 00:37:12
Lil Jessie,iOS,movieDetails,,,2023-06-09 00:37:12
Lil Jessie,iOS,movieDetails,,,2023-06-09 00:23:24
Lil Jessie,iOS,playback,,,2023-06-09 00:23:24
Lil Jessie,iOS,movieDetails,,,2023-06-09 00:23:15
Lil Jessie,iOS,movieDetails,,,2023-06-09 00:23:15
Lil Jessie,iOS,movieDetails,,,2023-06-09 00:23:15
Lil Jessie,iOS,movieDetails,,,2023-06-09 00:23:15
Lil Jessie,iOS,movieDetails,,,2023-06-09 00:22:48
Lil Jessie,iOS,browseTitles,,,2023-06-09 00:22:47
Lil Jessie,iOS,browseTitles,,,2023-06-09 00:22:47
Lil Jessie,iOS,movieDetails,,,2023-06-09 00:22:47
Lil Jessie,iOS,movieDetails,,,2023-06-09 00:22:12
Lil Jessie,iOS,browseTitles,,,2023-06-09 00:22:12
Lil Jessie,iOS,movieDetails,,,2023-06-09 00:22:00
Lil Jessie,iOS,movieDetails,,,2023-06-09 00:21:58
Lil Jessie,iOS,movieDetails,,,2023-06-09 00:21:58
Lil Jessie,iOS,movieDetails,,,2023-06-09 00:21:58
Lil Jessie,iOS,movieDetails,,,2023-06-09 00:21:58
Lil Jessie,iOS,movieDetails,,,2023-06-09 00:21:58
Lil Jessie,iOS,movieDetails,,,2023-06-09 00:21:56
Lil Jessie,iOS,movieDetails,,,2023-06-09 00:21:55
Lil Jessie,iOS,movieDetails,,,2023-06-09 00:21:55
Lil Jessie,iOS,movieDetails,,,2023-06-09 00:21:55
Lil Jessie,iOS,movieDetails,,,2023-06-09 00:21:55
Lil Jessie,iOS,movieDetails,,,2023-06-09 00:21:55
Lil Jessie,iOS,movieDetails,,,2023-06-09 00:21:54
Lil Jessie,iOS,browseTitles,,,2023-06-09 00:21:52
Lil Jessie,iOS,browseTitles,,,2023-06-09 00:21:52
Lil Jessie,iOS,movieDetails,,,2023-06-09 00:21:52
Lil Jessie,iOS,movieDetails,,,2023-06-09 00:21:40
Lil Jessie,iOS,browseTitles,,,2023-06-09 00:21:40
Lil Jessie,iOS,movieDetails,,,2023-06-09 00:21:22
Lil Jessie,iOS,browseTitles,,,2023-06-09 00:21:21
Lil Jessie,iOS,browseTitles,,,2023-06-09 00:21:21
Lil Jessie,iOS,movieDetails,,,2023-06-09 00:21:21
Lil Jessie,iOS,movieDetails,,,2023-06-09 00:18:11
Lil Jessie,iOS,browseTitles,,,2023-06-09 00:18:11
Lil Jessie,iOS,movieDetails,,,2023-06-09 00:18:06
Lil Jessie,iOS,browseTitles,,,2023-06-09 00:18:05
Lil Jessie,iOS,browseTitles,,,2023-06-09 00:18:05
Lil Jessie,iOS,movieDetails,,,2023-06-09 00:18:05
Lil Jessie,tvui,movieDetails,,,2023-06-08 21:39:07
Lil Jessie,tvui,playback,,,2023-06-08 21:39:07
Lil Jessie,tvui,movieDetails,,,2023-06-08 21:23:38
Lil Jessie,tvui,playback,,,2023-06-08 21:23:38
Lil Jessie,tvui,browseTitles,,,2023-06-08 21:23:34
Lil Jessie,tvui,movieDetails,,,2023-06-08 21:23:34
Lil Jessie,tvui,browseTitles,,,2023-06-08 21:22:42
Lil Jessie,tvui,playback,,,2023-06-04 03:50:35
Lil Jessie,tvui,movieDetails,,,2023-06-04 03:50:35
Lil Jessie,tvui,playback,,,2023-06-04 03:15:07
Lil Jessie,tvui,movieDetails,,,2023-06-04 03:15:07
Lil Jessie,tvui,browseTitles,,,2023-06-04 03:15:03
Lil Jessie,tvui,movieDetails,,,2023-06-04 03:15:03
Lil Jessie,tvui,browseTitles,,,2023-06-04 03:12:04
Lil Jessie,tvui,playback,,,2023-06-04 02:12:04
Lil Jessie,tvui,movieDetails,,,2023-06-04 02:12:04
Lil Jessie,tvui,postPlay,,,2023-06-04 01:27:19
Lil Jessie,tvui,playback,,,2023-06-04 01:27:19
Lil Jessie,tvui,playback,,,2023-06-04 01:27:13
Lil Jessie,tvui,postPlay,,,2023-06-04 01:27:13
Lil Jessie,tvui,playback,,,2023-06-04 00:47:19
Lil Jessie,tvui,postPlay,,,2023-06-04 00:47:19
Lil Jessie,tvui,postPlay,,,2023-06-04 00:47:13
Lil Jessie,tvui,playback,,,2023-06-04 00:47:13
Lil Jessie,tvui,postPlay,,,2023-06-04 00:02:39
Lil Jessie,tvui,playback,,,2023-06-04 00:02:39
Lil Jessie,tvui,playback,,,2023-06-04 00:02:34
Lil Jessie,tvui,postPlay,,,2023-06-04 00:02:34
Lil Jessie,tvui,movieDetails,,,2023-06-03 23:59:04
Lil Jessie,tvui,playback,,,2023-06-03 23:59:04
Lil Jessie,tvui,screenSaver,,,2023-06-03 23:40:28
Lil Jessie,tvui,movieDetails,,,2023-06-03 23:40:28
Lil Jessie,tvui,movieDetails,,,2023-06-03 23:35:24
Lil Jessie,tvui,screenSaver,,,2023-06-03 23:35:24
Lil Jessie,tvui,movieDetails,,,2023-06-03 23:15:30
Lil Jessie,tvui,playback,,,2023-06-03 23:15:30
Lil Jessie,tvui,playback,,,2023-06-03 22:22:59
Lil Jessie,tvui,postPlay,,,2023-06-03 22:22:59
Lil Jessie,tvui,playback,,,2023-06-03 22:22:53
Lil Jessie,tvui,postPlay,,,2023-06-03 22:22:53
Lil Jessie,tvui,postPlay,,,2023-06-03 21:34:26
Lil Jessie,tvui,playback,,,2023-06-03 21:34:26
Lil Jessie,tvui,playback,,,2023-06-03 21:34:20
Lil Jessie,tvui,postPlay,,,2023-06-03 21:34:20
Lil Jessie,tvui,postPlay,,,2023-06-03 20:44:40
Lil Jessie,tvui,playback,,,2023-06-03 20:44:40
Lil Jessie,tvui,playback,,,2023-06-03 20:44:34
Lil Jessie,tvui,postPlay,,,2023-06-03 20:44:34
Lil Jessie,tvui,postPlay,,,2023-06-03 19:51:21
Lil Jessie,tvui,playback,,,2023-06-03 19:51:21
Lil Jessie,tvui,playback,,,2023-06-03 19:51:16
Lil Jessie,tvui,postPlay,,,2023-06-03 19:51:16
Lil Jessie,tvui,movieDetails,,,2023-06-03 19:48:00
Lil Jessie,tvui,playback,,,2023-06-03 19:48:00
Lil Jessie,tvui,screenSaver,,,2023-06-03 19:43:06
Lil Jessie,tvui,movieDetails,,,2023-06-03 19:43:06
Lil Jessie,tvui,movieDetails,,,2023-06-03 19:38:01
Lil Jessie,tvui,screenSaver,,,2023-06-03 19:38:01
Lil Jessie,tvui,playback,,,2023-06-03 19:18:08
Lil Jessie,tvui,movieDetails,,,2023-06-03 19:18:08
Lil Jessie,tvui,movieDetails,,,2023-06-03 19:07:41
Lil Jessie,tvui,playback,,,2023-06-03 19:07:41
Lil Jessie,tvui,browseTitles,,,2023-06-03 19:07:39
Lil Jessie,tvui,movieDetails,,,2023-06-03 19:07:39
Lil Jessie,tvui,movieDetails,,,2023-06-03 19:07:28
Lil Jessie,tvui,browseTitles,,,2023-06-03 19:07:28
Lil Jessie,tvui,episodesSelector,,,2023-06-03 19:07:26
Lil Jessie,tvui,movieDetails,,,2023-06-03 19:07:26
Lil Jessie,tvui,movieDetails,,,2023-06-03 19:07:08
Lil Jessie,tvui,episodesSelector,,,2023-06-03 19:07:08
Lil Jessie,tvui,browseTitles,,,2023-06-03 19:07:05
Lil Jessie,tvui,movieDetails,,,2023-06-03 19:07:05
Lil Jessie,tvui,screenSaver,,,2023-06-03 09:37:18
Lil Jessie,tvui,movieDetails,,,2023-06-03 09:37:18
Lil Jessie,tvui,movieDetails,,,2023-06-03 09:32:13
Lil Jessie,tvui,screenSaver,,,2023-06-03 09:32:13
Lil Jessie,tvui,playback,,,2023-06-03 09:12:19
Lil Jessie,tvui,movieDetails,,,2023-06-03 09:12:19
Lil Jessie,tvui,postPlay,,,2023-06-03 09:07:10
Lil Jessie,tvui,playback,,,2023-06-03 09:07:10
Lil Jessie,tvui,playback,,,2023-06-03 09:07:04
Lil Jessie,tvui,postPlay,,,2023-06-03 09:07:04
Lil Jessie,tvui,playback,,,2023-06-03 08:24:19
Lil Jessie,tvui,postPlay,,,2023-06-03 08:24:19
Lil Jessie,tvui,playback,,,2023-06-03 08:24:14
Lil Jessie,tvui,postPlay,,,2023-06-03 08:24:14
Lil Jessie,tvui,postPlay,,,2023-06-03 07:41:17
Lil Jessie,tvui,playback,,,2023-06-03 07:41:17
Lil Jessie,tvui,playback,,,2023-06-03 07:41:12
Lil Jessie,tvui,postPlay,,,2023-06-03 07:41:12
Lil Jessie,tvui,episodesSelector,,,2023-06-03 07:11:24
Lil Jessie,tvui,playback,,,2023-06-03 07:11:24
Lil Jessie,tvui,episodesSelector,,,2023-06-03 07:11:20
Lil Jessie,tvui,movieDetails,,,2023-06-03 07:11:20
Lil Jessie,tvui,browseTitles,,,2023-06-03 07:11:16
Lil Jessie,tvui,movieDetails,,,2023-06-03 07:11:16
Lil Jessie,iOS,movieDetails,,,2023-06-03 07:11:11
Lil Jessie,iOS,browseTitles,,,2023-06-03 07:11:11
Lil Jessie,iOS,movieDetails,,,2023-06-03 07:11:09
Lil Jessie,iOS,movieDetails,,,2023-06-03 07:11:09
Lil Jessie,iOS,movieDetails,,,2023-06-03 07:11:08
Lil Jessie,iOS,playback,,,2023-06-03 07:11:08
Lil Jessie,tvui,browseTitlesGallery,,,2023-06-03 07:10:57
Lil Jessie,tvui,browseTitles,,,2023-06-03 07:10:57
Lil Jessie,tvui,browseTitles,,,2023-06-03 07:10:54
Lil Jessie,tvui,browseTitlesGallery,,,2023-06-03 07:10:54
Lil Jessie,tvui,browseTitles,,,2023-06-03 07:10:44
Lil Jessie,iOS,movieDetails,,,2023-06-03 06:35:09
Lil Jessie,iOS,playback,,,2023-06-03 06:35:09
Lil Jessie,iOS,movieDetails,,,2023-06-03 06:35:05
Lil Jessie,iOS,movieDetails,,,2023-06-03 06:35:04
Lil Jessie,iOS,movieDetails,,,2023-06-03 06:35:04
Lil Jessie,iOS,movieDetails,,,2023-06-03 06:35:04
Lil Jessie,iOS,movieDetails,,,2023-06-03 06:34:57
Lil Jessie,iOS,movieDetails,,,2023-06-03 06:34:57
Lil Jessie,iOS,movieDetails,,,2023-06-03 06:34:54
Lil Jessie,iOS,movieDetails,,,2023-06-03 06:34:54
Lil Jessie,iOS,movieDetails,,,2023-06-03 06:34:54
Lil Jessie,iOS,movieDetails,,,2023-06-03 06:34:54
Lil Jessie,iOS,movieDetails,,,2023-06-03 06:34:49
Lil Jessie,iOS,movieDetails,,,2023-06-03 06:34:49
Lil Jessie,iOS,movieDetails,,,2023-06-03 06:34:42
Lil Jessie,iOS,movieDetails,,,2023-06-03 06:34:41
Lil Jessie,iOS,movieDetails,,,2023-06-03 06:34:41
Lil Jessie,iOS,movieDetails,,,2023-06-03 06:34:41
Lil Jessie,iOS,movieDetails,,,2023-06-03 06:34:36
Lil Jessie,iOS,browseTitles,,,2023-06-03 06:34:35
Lil Jessie,iOS,browseTitles,,,2023-06-03 06:34:35
Lil Jessie,iOS,movieDetails,,,2023-06-03 06:34:35
Lil Jessie,tvui,playback,,,2023-06-02 22:22:46
Lil Jessie,tvui,movieDetails,,,2023-06-02 22:22:46
Lil Jessie,tvui,postPlay,,,2023-06-02 22:22:17
Lil Jessie,tvui,playback,,,2023-06-02 22:22:17
Lil Jessie,tvui,playback,,,2023-06-02 22:22:11
Lil Jessie,tvui,postPlay,,,2023-06-02 22:22:11
Lil Jessie,tvui,postPlay,,,2023-06-02 21:41:20
Lil Jessie,tvui,playback,,,2023-06-02 21:41:20
Lil Jessie,tvui,playback,,,2023-06-02 21:41:14
Lil Jessie,tvui,postPlay,,,2023-06-02 21:41:14
Lil Jessie,tvui,movieDetails,,,2023-06-02 21:04:09
Lil Jessie,tvui,playback,,,2023-06-02 21:04:09
Lil Jessie,tvui,browseTitles,,,2023-06-02 21:04:07
Lil Jessie,tvui,movieDetails,,,2023-06-02 21:04:07
Lil Jessie,iOS,postPlay,,,2023-06-02 18:13:24
Lil Jessie,iOS,playback,,,2023-06-02 18:13:24
Lil Jessie,iOS,playback,,,2023-06-02 18:13:23
Lil Jessie,iOS,postPlay,,,2023-06-02 18:13:23
Lil Jessie,iOS,browseTitles,,,2023-06-02 18:07:16
Lil Jessie,iOS,playback,,,2023-06-02 18:07:15
Lil Jessie,tvui,movieDetails,,,2023-06-02 06:37:18
Lil Jessie,tvui,screenSaver,,,2023-06-02 06:37:18
Lil Jessie,tvui,screenSaver,,,2023-06-02 06:32:14
Lil Jessie,tvui,movieDetails,,,2023-06-02 06:32:14
Lil Jessie,tvui,movieDetails,,,2023-06-02 06:12:20
Lil Jessie,tvui,screenSaver,,,2023-06-02 06:12:20
Lil Jessie,tvui,screenSaver,,,2023-06-02 06:12:18
Lil Jessie,tvui,movieDetails,,,2023-06-02 06:12:18
Lil Jessie,tvui,movieDetails,,,2023-06-02 06:12:18
Lil Jessie,tvui,screenSaver,,,2023-06-02 06:12:18
Lil Jessie,tvui,movieDetails,,,2023-06-02 06:07:17
Lil Jessie,tvui,screenSaver,,,2023-06-02 06:07:17
Lil Jessie,tvui,playback,,,2023-06-02 06:02:22
Lil Jessie,tvui,movieDetails,,,2023-06-02 06:02:22
Lil Jessie,tvui,postPlay,,,2023-06-02 05:57:25
Lil Jessie,tvui,playback,,,2023-06-02 05:57:25
Lil Jessie,tvui,postPlay,,,2023-06-02 05:57:19
Lil Jessie,tvui,playback,,,2023-06-02 05:57:19
Lil Jessie,tvui,postPlay,,,2023-06-02 05:34:46
Lil Jessie,tvui,playback,,,2023-06-02 05:34:46
Lil Jessie,tvui,playback,,,2023-06-02 05:34:41
Lil Jessie,tvui,postPlay,,,2023-06-02 05:34:41
Lil Jessie,tvui,postPlay,,,2023-06-02 05:12:13
Lil Jessie,tvui,playback,,,2023-06-02 05:12:13
Lil Jessie,tvui,playback,,,2023-06-02 05:12:08
Lil Jessie,tvui,postPlay,,,2023-06-02 05:12:08
Lil Jessie,tvui,postPlay,,,2023-06-02 04:49:39
Lil Jessie,tvui,playback,,,2023-06-02 04:49:39
Lil Jessie,tvui,postPlay,,,2023-06-02 04:49:34
Lil Jessie,tvui,playback,,,2023-06-02 04:49:34
Lil Jessie,tvui,playback,,,2023-06-02 04:27:43
Lil Jessie,tvui,postPlay,,,2023-06-02 04:27:43
Lil Jessie,tvui,playback,,,2023-06-02 04:27:37
Lil Jessie,tvui,postPlay,,,2023-06-02 04:27:37
Lil Jessie,tvui,postPlay,,,2023-06-02 04:05:27
Lil Jessie,tvui,playback,,,2023-06-02 04:05:27
Lil Jessie,tvui,playback,,,2023-06-02 04:05:25
Lil Jessie,tvui,postPlay,,,2023-06-02 04:05:25
Lil Jessie,tvui,episodesSelector,,,2023-06-02 03:43:45
Lil Jessie,tvui,playback,,,2023-06-02 03:43:45
Lil Jessie,tvui,movieDetails,,,2023-06-02 03:43:17
Lil Jessie,tvui,episodesSelector,,,2023-06-02 03:43:17
Lil Jessie,tvui,movieDetails,,,2023-06-02 03:43:15
Lil Jessie,tvui,similarTitlesSelector,,,2023-06-02 03:43:15
Lil Jessie,tvui,movieDetails,,,2023-06-02 03:43:13
Lil Jessie,tvui,movieDetails,,,2023-06-02 03:43:13
Lil Jessie,tvui,movieDetails,,,2023-06-02 03:43:13
Lil Jessie,tvui,similarTitlesSelector,,,2023-06-02 03:43:13
Lil Jessie,tvui,episodesSelector,,,2023-06-02 03:43:09
Lil Jessie,tvui,movieDetails,,,2023-06-02 03:43:09
Lil Jessie,tvui,episodesSelector,,,2023-06-02 03:43:04
Lil Jessie,tvui,movieDetails,,,2023-06-02 03:43:04
Lil Jessie,tvui,browseTitles,,,2023-06-02 03:43:01
Lil Jessie,tvui,movieDetails,,,2023-06-02 03:43:01
Lil Jessie,tvui,browseTitles,,,2023-06-02 03:42:36
Lil Jessie,tvui,screenSaver,,,2023-06-02 03:00:58
Lil Jessie,tvui,movieDetails,,,2023-06-02 03:00:58
Lil Jessie,tvui,screenSaver,,,2023-06-02 02:55:53
Lil Jessie,tvui,movieDetails,,,2023-06-02 02:55:53
Lil Jessie,tvui,playback,,,2023-06-02 02:36:00
Lil Jessie,tvui,movieDetails,,,2023-06-02 02:36:00
Lil Jessie,tvui,postPlay,,,2023-06-02 01:56:26
Lil Jessie,tvui,playback,,,2023-06-02 01:56:26
Lil Jessie,tvui,playback,,,2023-06-02 01:56:21
Lil Jessie,tvui,postPlay,,,2023-06-02 01:56:21
Lil Jessie,tvui,postPlay,,,2023-06-02 01:15:20
Lil Jessie,tvui,playback,,,2023-06-02 01:15:20
Lil Jessie,tvui,playback,,,2023-06-02 01:15:14
Lil Jessie,tvui,postPlay,,,2023-06-02 01:15:14
Lil Jessie,tvui,movieDetails,,,2023-06-02 01:01:00
Lil Jessie,tvui,playback,,,2023-06-02 01:01:00
Lil Jessie,tvui,movieDetails,,,2023-06-02 01:00:56
Lil Jessie,tvui,browseTitles,,,2023-06-02 01:00:56
Lil Jessie,tvui,browseTitles,,,2023-06-02 01:00:21
Lil Jessie,iOS,movieDetails,,,2023-06-01 02:05:17
Lil Jessie,iOS,playback,,,2023-06-01 02:05:17
Lil Jessie,iOS,postPlay,,,2023-06-01 01:43:56
Lil Jessie,iOS,playback,,,2023-06-01 01:43:56
Lil Jessie,iOS,playback,,,2023-06-01 01:43:55
Lil Jessie,iOS,postPlay,,,2023-06-01 01:43:55
Lil Jessie,iOS,movieDetails,,,2023-06-01 01:21:37
Lil Jessie,iOS,playback,,,2023-06-01 01:21:37
Lil Jessie,iOS,movieDetails,,,2023-06-01 01:21:28
Lil Jessie,iOS,browseTitles,,,2023-06-01 01:21:27
Lil Jessie,iOS,movieDetails,,,2023-06-01 01:21:27
Lil Jessie,iOS,browseTitles,,,2023-06-01 01:21:26
Lil Jessie,iOS,search,,,2023-06-01 01:20:08
Lil Jessie,iOS,browseTitles,,,2023-06-01 01:20:08
Lil Jessie,iOS,browseTitles,,,2023-06-01 01:19:46
Lil Jessie,iOS,search,,,2023-06-01 01:19:46
Lil Jessie,tvui,screenSaver,,,2023-05-31 22:52:10
Lil Jessie,tvui,movieDetails,,,2023-05-31 22:52:10
Lil Jessie,tvui,screenSaver,,,2023-05-31 22:47:05
Lil Jessie,tvui,movieDetails,,,2023-05-31 22:47:05
Lil Jessie,tvui,playback,,,2023-05-31 22:27:11
Lil Jessie,tvui,movieDetails,,,2023-05-31 22:27:11
Lil Jessie,tvui,episodesSelector,,,2023-05-31 21:55:19
Lil Jessie,tvui,playback,,,2023-05-31 21:55:19
Lil Jessie,tvui,movieDetails,,,2023-05-31 21:55:06
Lil Jessie,tvui,episodesSelector,,,2023-05-31 21:55:06
Lil Jessie,tvui,browseTitles,,,2023-05-31 21:54:57
Lil Jessie,tvui,movieDetails,,,2023-05-31 21:54:57
Lil Jessie,tvui,browseTitles,,,2023-05-31 21:54:52
Lil Jessie,tvui,screenSaver,,,2023-05-31 05:56:21
Lil Jessie,tvui,movieDetails,,,2023-05-31 05:56:21
Lil Jessie,tvui,movieDetails,,,2023-05-31 05:51:17
Lil Jessie,tvui,screenSaver,,,2023-05-31 05:51:17
Lil Jessie,tvui,playback,,,2023-05-31 05:31:23
Lil Jessie,tvui,movieDetails,,,2023-05-31 05:31:23
Lil Jessie,tvui,playback,,,2023-05-31 05:26:14
Lil Jessie,tvui,postPlay,,,2023-05-31 05:26:14
Lil Jessie,tvui,playback,,,2023-05-31 05:26:08
Lil Jessie,tvui,postPlay,,,2023-05-31 05:26:08
Lil Jessie,tvui,postPlay,,,2023-05-31 04:45:24
Lil Jessie,tvui,playback,,,2023-05-31 04:45:24
Lil Jessie,tvui,playback,,,2023-05-31 04:45:18
Lil Jessie,tvui,postPlay,,,2023-05-31 04:45:18
Lil Jessie,tvui,postPlay,,,2023-05-31 04:04:06
Lil Jessie,tvui,playback,,,2023-05-31 04:04:06
Lil Jessie,tvui,playback,,,2023-05-31 04:04:00
Lil Jessie,tvui,postPlay,,,2023-05-31 04:04:00
Lil Jessie,tvui,episodesSelector,,,2023-05-31 03:22:02
Lil Jessie,tvui,playback,,,2023-05-31 03:22:02
Lil Jessie,tvui,movieDetails,,,2023-05-31 03:21:38
Lil Jessie,tvui,episodesSelector,,,2023-05-31 03:21:38
Lil Jessie,tvui,movieDetails,,,2023-05-31 03:21:33
Lil Jessie,tvui,browseTitles,,,2023-05-31 03:21:33
Lil Jessie,tvui,profilesGate,,,2023-05-31 03:16:05
Lil Jessie,tvui,profilesGate,,,2023-05-31 03:16:05
Lil Jessie,tvui,browseTitles,,,2023-05-31 03:16:05
Lil Jessie,iOS,login,,,2023-05-31 00:06:33
Lil Jessie,iOS,browseTitles,,,2023-05-31 00:06:33
Lil Jessie,iOS,nmLanding,,,2023-05-31 00:06:14
Lil Jessie,iOS,nmLanding,,,2023-05-31 00:06:11
